Symbol,ROE,DebtToEquity,EPS,BookValuePerShare,CurrentRatio,NetProfitMargin
20MICRONS,13.69,0.2995,18.94,137.97,1.92,6.99
21STCENMGM,-72.75,0.0,-22.9,31.48,2.93,142.48
360ONE,12.37,0.0,30.16,242.2,,27.88
3IINFOLTD,9.29,0.1264,1.83,18.22,1.13,5.06
3MINDIA,29.54,0.096,463.66,1568.9,2.18,10.26
3PLAND,2.08,0.0,1.21,58.14,,46.68
5PAISA,6.81,0.0058,14.14,207.72,,13.83
63MOONS,-1.48,0.0007,-4.87,792.02,11.28,-25.47
A2ZINFRA,,,-0.09,,,-0.48
AAATECH,6.66,0.0,1.61,24.14,18.86,10.12
AADHARHFC,14.53,0.024,25.31,173.08,,29.84
AAKASH,5.48,0.3473,0.35,6.31,0.84,3.11
AAREYDRUGS,2.64,0.3321,1.39,52.86,1.81,0.84
AARNAV,4.75,0.5535,2.21,46.54,1.65,2.02
AARON,13.98,0.5708,3.27,0.0,1.37,7.39
AARTECH,11.32,0.1598,1.25,11.04,2.85,9.71
AARTIDRUGS,12.58,0.371,21.36,169.74,1.59,7.6
AARTIIND,7.04,0.0072,11.56,164.27,0.83,5.06
AARTIPHARM,8.22,0.3227,19.27,234.35,1.49,9.6
AARTISURF,5.04,0.0037,14.59,289.09,1.32,1.44
AARVI,12.4,0.1879,11.9,95.92,2.05,2.71
AAVAS,12.97,3.087,82.72,637.07,,24.4
ABAN,,,-90.94,,,-170.92
ABB,,,84.18,,,56.02
ABCAPITAL,10.51,0.052,14.41,140.35,,8.49
ABCOTS,8.5,0.9583,5.96,69.14,1.88,4.36
ABDL,13.06,0.6797,8.16,60.27,1.34,2.91
ABFRL,-4.41,0.0939,-2.89,65.3,1.45,-5.95
ABHISHEK,78.62,-3.9026,-4.02,-5.12,0.16,
ABINFRA,11.43,0.6488,0.3,2.65,1.76,7.55
ABLBL,12.11,0.5904,1.41,11.57,1.07,2.04
ABMINTLLTD,-18.72,0.7283,-2.18,12.2,1.16,-3.95
ABREL,-9.14,0.0153,-9.33,331.2,1.23,-83.03
ABSLAMC,24.13,0.0,33.76,139.95,,52.85
ACC,10.4,0.0,113.8,1093.38,1.97,8.23
ACCELYA,,,48.04,,,17.94
ACCURACY,3.13,1.2049,0.26,8.38,1.58,0.59
ACE,20.64,0.0001,34.88,168.85,1.33,12.65
ACEINTEG,-5.69,0.0048,-0.84,16.36,39.13,-117.28
ACI,5.45,0.2413,8.66,156.57,1.21,9.75
ACL,-83.18,13.8053,-7.29,8.76,0.67,-15.18
ACMESOLAR,9.84,3.7525,8.24,83.59,2.17,24.61
ACUTAAS,20.83,0.0155,43.51,208.96,3.82,26.61
ADANIENSOL,9.02,0.0184,24.68,220.81,1.15,8.67
ADANIENT,11.16,0.0097,75.66,690.02,1.03,9.9
ADANIPORTS,2.9,0.0077,8.15,268.41,1.02,21.01
ADANIPOWER,19.53,0.8065,6.62,34.43,1.41,23.91
ADFFOODS,15.72,0.0001,8.19,52.06,3.84,13.16
ADL,0.0,0.3491,0.0,91.32,2.08,0.0
ADOR,14.79,0.0015,47.11,318.65,2.14,7.19
ADROITINFO,3.61,0.3307,0.61,14.31,1.96,5.75
ADSL,-0.18,0.2373,-3.35,83.8,1.67,-0.21
ADVAIT,17.7,0.3383,42.41,238.74,1.3,10.33
ADVANCE,11.39,0.3099,6.5,48.21,1.67,5.53
ADVANIHOTR,4.63,0.0025,2.58,55.73,3.27,22.36
ADVENTHTL,6.4,0.0291,11.71,189.55,0.03,16.87
ADVENZYMES,18.57,0.0,11.78,63.4,4.06,29.11
AEGISLOG,12.6,0.2751,25.59,250.27,1.71,13.28
AEGISVOPAK,7.74,0.0048,2.85,39.88,0.37,37.04
AEPL,9.2,0.018,0.35,,1.53,10.81
AEQUS,2.67,0.0062,0.82,27.85,2.85,40.21
AEROENTER,8.87,0.0422,5.68,85.1,4.25,12.23
AEROFLEX,12.41,0.0024,4.28,33.8,2.91,12.56
AERONEU,1.66,0.2295,0.68,40.78,2.58,1.36
AETHER,7.21,0.1411,13.09,181.59,2.03,18.47
AFCONS,4.6,0.0065,6.82,148.2,1.29,2.1
AFFLE,12.45,0.0033,32.38,259.76,3.41,16.79
AFFORDABLE,6.32,0.0062,6.2,98.12,1.74,5.92
AFIL,9.98,0.0119,0.99,9.93,,28.39
AFSL,7.78,0.55,20.78,266.82,1.95,0.44
AGARIND,6.32,0.4876,29.13,460.64,1.15,2.64
AGARWALEYE,7.93,0.0742,4.21,66.91,1.24,8.08
AGI,14.61,0.0992,54.35,372.08,1.5,13.19
AGIIL,19.57,0.3829,7.76,38.78,1.31,26.91
AGRITECH,-0.95,0.0,-1.45,167.13,111.79,-338.3
AGROPHOS,10.01,0.4235,3.48,34.8,1.58,4.77
AHCL,11.42,0.1713,6.11,47.94,2.87,16.92
AHLADA,0.13,0.2795,0.14,106.23,1.94,0.18
AHLEAST,-32.0,2.3418,-33.91,105.97,0.23,-47.95
AHLUCONT,12.91,0.0018,79.38,307.36,1.89,5.82
AHLWEST,-483.53,-44.9277,55.77,-11.53,0.27,14.92
AIAENG,15.79,0.0,136.11,860.93,19.09,28.71
AIFL,8.88,0.0,0.02,0.22,1.02,
AIIL,13.19,0.0,61.29,856.98,,76.17
AIRAN,7.36,0.0062,0.93,13.21,5.33,10.83
AIROLAM,6.78,1.0584,3.5,51.6,1.33,2.16
AJANTPHARM,22.42,0.0,75.79,336.94,3.5,19.54
AJAXENGG,16.17,0.0,19.68,121.69,4.19,10.71
AJMERA,9.86,0.4683,7.61,77.17,6.28,13.74
AJOONI,4.74,0.1948,0.25,5.29,2.72,2.37
AJRINFRA,-129.79,-0.0095,0.0,-9.05,0.04,
AKASH,0.76,1.0585,0.38,50.61,1.73,0.8
AKG,0.68,0.1082,0.11,16.83,7.68,0.42
AKI,1.93,0.2138,0.19,9.72,2.24,1.8
AKSHAR,-9.14,0.0623,-0.09,1.03,4.48,-6.3
AKSHARCHEM,-0.17,0.4147,-0.55,325.56,0.99,-0.12
AKSHOPTFBR,101.34,-6.4765,-0.8,-0.79,0.39,-10.28
AKUMS,7.7,0.0219,16.67,217.57,3.25,5.88
ALANKIT,6.13,0.0515,0.7,12.57,1.96,6.08
ALBERTDAVD,-0.38,0.0727,-2.62,686.04,3.24,-0.45
ALEMBICLTD,12.98,0.0044,12.36,95.22,1.95,132.25
ALGOQUANT,24.84,0.2293,1.19,4.78,,14.18
ALICON,5.48,0.5173,21.09,384.59,1.11,1.94
ALIVUS,16.94,0.0,45.99,271.49,5.21,22.12
ALKALI,1.25,0.3995,0.55,43.89,1.13,0.6
ALKEM,16.39,0.1131,192.51,1200.25,2.55,15.98
ALKYLAMINE,11.74,0.0,35.2,299.78,3.12,11.72
ALLCARGO,1.39,0.1777,0.05,3.83,1.21,0.39
ALLDIGI,32.76,0.0,53.96,164.69,2.61,13.74
ALLTIME,5.77,0.1309,5.79,93.68,3.63,5.8
ALMONDZ,9.79,0.0017,1.65,16.9,,15.08
ALOKINDS,3.96,-1.2416,-1.57,-39.63,0.72,-22.12
ALPA,7.58,0.0135,6.71,88.53,4.01,13.35
ALPHAGEO,-5.48,0.0,-21.83,399.55,4.81,-12.43
ALPSINDUS,-322.49,-1.3728,5.37,-10.47,9.01,
AMAGI,4.08,0.0,3.44,81.21,3.98,4.76
AMANTA,6.75,1.0645,4.33,56.71,1.69,5.17
AMBER,3.9,0.4657,50.48,1648.58,1.13,1.86
AMBICAAGAR,3.06,0.7846,2.01,65.63,2.62,2.44
AMBIKCO,7.5,0.0,125.0,1666.92,6.61,9.16
AMBUJACEM,7.85,0.0007,19.15,290.66,1.05,13.87
AMDIND,-2.84,0.4874,0.66,79.77,1.36,-1.54
AMIRCHAND,11.18,0.8203,12.51,89.24,1.7,4.52
AMJLAND,7.13,0.0,3.61,52.45,5.47,29.2
AMNPLST,12.5,0.0931,6.64,53.12,3.12,6.4
AMRUTANJAN,15.64,0.0,20.03,128.06,2.31,11.52
ANANDRATHI,,,9.83,,,52.16
ANANTRAJ,9.57,0.1042,15.81,161.68,9.75,22.18
ANDHRAPAP,0.96,0.1197,0.94,97.53,2.95,1.09
ANDHRSUGAR,4.92,0.0003,6.14,130.64,4.78,3.53
ANGELONE,16.49,0.0,11.28,68.09,,20.24
ANIKINDS,0.55,0.0,0.57,103.31,8.3,1.09
ANMOL,9.5,1.6586,1.99,20.9,1.84,0.8
ANSALAPI,,,2.72,,,116.46
ANTELOPUS,13.67,0.0,8.11,186.42,2.75,32.13
ANTGRAPHIC,7.4,0.5352,0.16,1.11,1.51,2.03
ANTHEM,19.45,0.0002,21.1,54.16,5.54,27.86
ANUHPHR,11.65,0.0,4.1,35.14,2.22,5.32
ANUP,15.98,0.156,55.12,344.96,2.47,13.43
ANURAS,4.8,0.3919,15.09,406.68,1.43,9.39
APARINDS,18.11,0.1558,243.21,1342.64,1.45,4.27
APCL,-5.92,0.0075,-9.8,151.45,0.93,-5.78
APCOTEXIND,16.33,0.1497,19.56,,1.66,7.04
APEX,7.36,0.0108,12.43,168.96,5.96,4.17
APLAPOLLO,22.71,0.0854,43.34,190.73,1.34,5.21
APLLTD,11.83,0.0024,34.33,288.42,1.75,9.13
APOLLO,8.21,0.407,3.18,36.61,1.9,11.87
APOLLOHOSP,14.98,0.1829,103.81,692.85,1.74,16.0
APOLLOPIPE,0.52,0.1382,1.06,202.73,1.37,0.42
APOLLOTYRE,15.57,0.002,29.22,187.32,1.24,9.34
APOLSINHOT,9.79,0.4969,39.36,401.92,1.0,2.89
APTECHT,9.46,0.0,4.06,42.86,1.69,4.67
APTUS,16.21,0.0121,13.86,85.36,,46.67
AQYLON,-101.41,-3.1789,0.23,-0.22,0.42,43.61
ARCHIDPLY,7.13,1.6017,4.02,56.32,1.15,1.19
ARCHIES,-3.43,0.2569,-1.27,37.05,1.66,-7.66
ARCOTECH,23.99,-1.4438,-8.73,-36.39,0.07,
ARE&M,11.06,0.0341,48.95,442.57,1.64,6.48
ARENTERP,-0.86,0.0,-0.57,65.77,38.09,-30.76
ARFIN,9.07,0.7588,0.92,10.1,1.69,2.5
ARIES,12.53,0.1498,32.95,259.99,1.69,5.73
ARIHANTCAP,7.13,0.0,0.0,44097.38,,15.26
ARIHANTSUP,10.24,1.9404,10.65,104.01,2.9,8.36
ARIS,8.03,0.0729,6.89,91.86,2.64,5.65
ARKADE,0.6,0.1112,0.29,47.51,7.13,0.65
ARMANFIN,6.42,0.019,38.68,601.59,,18.82
AROGRANITE,-6.79,0.8715,-7.79,113.69,1.47,-16.07
ARROWGREEN,20.06,0.0,31.38,156.53,11.57,23.63
ARSHIYA,,,-0.05,,,-8.95
ARSSBL,9.59,0.62,24.1,214.92,1.25,13.87
ARSSINFRA,-371.94,0.2761,-394.32,106.02,4.36,-2437.41
ARTEMISMED,11.03,0.2412,6.56,59.42,1.74,9.59
ARTNIRMAN,1.4,1.9593,0.21,14.92,4.48,1.56
ARVEE,7.48,0.033,2.29,30.66,3.35,8.02
ARVIND,10.31,0.0036,15.8,158.0,1.14,4.59
ARVINDFASN,15.83,0.4579,9.18,86.83,1.27,3.49
ARVSMART,11.54,0.6444,21.04,195.38,1.21,18.33
ASAHIINDIA,8.77,0.5233,13.82,154.34,1.43,6.92
ASAHISONG,5.97,0.4726,15.92,252.71,1.25,3.32
ASAL,76.54,1.9434,17.45,22.79,0.9,3.11
ASALCBR,12.73,0.0952,47.42,345.94,2.58,8.56
ASHAPURMIN,25.32,0.8777,42.02,172.14,1.36,7.95
ASHIANA,14.29,0.0035,12.5,86.08,1.33,11.63
ASHIMASYN,-7.33,0.593,-1.06,14.45,3.16,-169.03
ASHOKA,39.17,0.0045,116.21,234.26,2.17,34.25
ASHOKAMET,8.07,0.4316,6.05,53.51,4.23,38.98
ASHOKLEY,27.19,0.0009,6.07,22.32,1.1,8.1
ASIANENE,10.47,0.3194,11.43,110.27,2.11,6.55
ASIANHOTNR,-11.11,0.3625,-44.05,215.93,0.6,-29.98
ASIANPAINT,20.42,0.0572,44.27,216.66,2.46,13.79
ASIANTILES,1.21,0.2774,0.7,52.04,1.75,1.01
ASIL,8.52,1.415,14.05,112.04,0.57,3.3
ASKAUTOLTD,22.68,0.4989,15.08,66.5,1.04,7.12
ASMS,17.37,0.2562,0.08,1.12,1.07,5.71
ASPINWALL,6.55,0.597,16.83,256.91,1.84,3.15
ASTEC,-20.69,1.1484,-37.79,175.44,0.89,-18.05
ASTERDM,8.84,0.1451,7.53,93.29,1.99,9.2
ASTRAL,13.18,0.0377,19.97,150.85,1.76,8.14
ASTRAMICRO,14.68,0.2188,20.32,138.46,3.13,16.6
ASTRAZEN,21.49,0.0,75.01,349.12,1.76,8.24
ASTRON,-31.1,1.1306,-4.56,14.64,0.58,-758.43
ATALREAL,6.77,0.1421,1.01,7.74,5.7,5.41
ATAM,6.35,0.0039,2.11,33.2,2.88,5.11
ATCOM,0.04,-1.0361,-0.01,-64.55,0.71,-9.49
ATGL,13.48,0.4457,5.96,44.23,0.64,10.23
ATHERENERG,-20.1,0.1994,-13.99,67.22,2.42,-14.09
ATL,12.54,0.0,1.61,13.46,1.01,5.39
ATLANTAA,-0.8,1.4692,-0.21,26.29,1.6,-2.31
ATLANTAELE,21.71,0.0502,27.17,120.84,1.69,10.9
ATLASCYCLE,-2.12,0.0237,-12.36,1167.05,0.55,-116.39
ATNINTER,1.33,-0.3536,-0.03,-1.95,0.03,
ATUL,10.95,0.0285,230.25,2138.77,3.61,10.99
ATULAUTO,8.82,0.2949,15.23,176.56,1.58,5.24
AUBANK,,,,,,
AURIGROW,-1.11,0.8019,-0.01,0.67,2.6,-7.88
AURIONPRO,9.16,0.0,19.14,208.93,2.39,11.61
AUROPHARMA,9.25,0.2026,60.34,652.25,1.81,10.41
AURUM,0.14,0.0034,0.31,66.74,1.44,0.19
AUSOMENT,12.09,0.0023,14.3,118.3,3.03,0.93
AUTOAXLES,14.96,0.0,108.77,727.08,2.96,7.55
AUTOIND,19.53,1.6048,8.59,43.44,0.79,4.67
AVADHSUGAR,5.1,1.2506,28.63,561.71,1.16,2.13
AVALON,15.65,0.2542,16.95,108.1,2.05,7.05
AVANTEL,,,0.2,,,7.66
AVANTIFEED,17.71,0.0028,44.48,272.15,5.58,10.83
AVG,9.65,0.6668,17.38,180.09,1.97,4.7
AVL,16.98,0.4803,9.07,53.32,1.9,4.38
AVONMORE,4.28,0.0005,0.28,17.5,,11.36
AVROIND,5.14,0.002,3.45,67.24,3.59,4.86
AVTNPL,11.59,0.2031,4.26,36.73,2.71,9.09
AWFIS,12.83,0.0921,9.93,77.22,0.68,4.74
AWHCL,10.02,0.4649,26.59,322.57,1.18,8.71
AWL,10.0,0.0783,8.05,80.75,1.26,1.4
AXISBANK,,,,,,
AXISCADES,9.81,0.3764,16.92,172.61,1.53,6.22
AXITA,2.93,0.28,0.05,1.7,3.38,0.51
AYE,7.65,0.0206,9.73,103.59,,10.67
AYMSYNTEX,1.11,0.3024,1.12,100.42,1.15,0.48
AZAD,8.52,0.291,20.46,240.32,3.29,22.39
BAFNAPH,11.54,0.3893,4.69,40.64,1.57,7.37
BAGFILMS,2.16,0.0,0.27,11.24,2.14,3.36
BAIDFIN,6.43,0.0123,1.15,15.03,,15.4
BAJAJAUTO,26.29,0.5465,385.0,1439.01,1.76,16.81
BAJAJCON,25.19,0.0,14.21,57.8,3.49,16.33
BAJAJELEC,-5.7,0.0,-7.88,138.14,1.11,-2.04
BAJAJFINSV,13.95,0.0,61.3,881.75,,13.07
BAJAJHCARE,2.96,0.44,4.98,158.34,1.78,2.58
BAJAJHFL,11.37,0.046,3.07,27.04,,22.97
BAJAJHIND,3.31,0.93,0.93,1.25,0.55,2.31
BAJAJHLDNG,11.88,0.0,865.9,7405.74,,915.21
BAJAJINDEF,8.7,0.0,7.38,84.03,1.34,11.26
BAJEL,2.71,0.4681,1.75,64.61,1.2,0.73
BAJFINANCE,16.53,0.0,30.6,188.14,,23.58
BALAJEE,3.53,0.6597,1.35,42.72,2.0,2.15
BALAJITELE,-7.99,0.0219,-4.09,50.99,2.6,-23.55
BALAMINES,7.86,0.0618,51.6,664.09,2.34,11.87
BALAXI,0.57,0.224,0.26,45.12,4.05,0.52
BALKRISHNA,3.71,-0.9465,-2.02,-54.45,0.08,-137.7
BALKRISIND,11.35,0.0037,64.3,566.75,1.01,11.49
BALLARPUR,-97.65,7.628,-52.58,53.89,0.22,-376.03
BALMLAWRIE,12.98,0.036,16.18,121.82,2.13,9.95
BALPHARMA,7.69,1.9394,3.95,51.66,1.05,2.03
BALRAMCHIN,8.92,0.8142,17.19,192.74,1.13,5.54
BALUFORGE,11.19,0.0925,13.38,112.84,2.93,23.66
BANARBEADS,3.08,0.3561,2.69,87.38,2.67,6.96
BANARISUG,7.73,0.0046,117.96,1525.87,7.83,7.72
BANCOINDIA,28.6,0.2539,33.68,117.74,2.2,12.36
BANDHANBNK,,,,,,
BANG,6.37,0.4421,4.39,68.9,1.91,2.66
BANKA,0.92,0.9242,0.32,38.98,1.58,0.69
BANKBARODA,,,,,,
BANKINDIA,,,,,,
BANSALWIRE,11.25,0.386,10.28,91.38,1.64,3.87
BANSWRAS,5.33,0.8098,9.11,170.86,1.39,2.3
BASF,10.62,0.0,97.1,914.17,1.68,2.81
BASML,2.9,0.8368,1.76,59.26,1.06,1.58
BATAINDIA,8.42,0.0,10.39,123.39,1.71,3.8
BBL,5.92,0.1484,106.24,1795.34,1.46,5.28
BBOX,16.9,0.6426,12.78,72.5,1.83,3.44
BBTC,26.04,0.0017,178.1,1376.09,1.19,12.79
BBTCL,15.13,0.0177,10.06,63.45,1.16,3.2
BCG,9.1,0.0,9.52,52.37,6.71,13.89
BCLIND,13.29,0.5974,3.9,32.22,2.01,4.35
BCONCEPTS,1.17,1.6307,0.78,66.54,1.14,0.28
BCPL,6.11,0.2556,3.6,58.97,2.19,7.38
BDL,9.91,0.0,11.47,115.7,2.01,17.21
BEARDSELL,12.44,0.1908,2.9,23.32,1.35,4.16
BECTORFOOD,11.08,0.1033,4.59,41.44,2.28,6.89
BEDMUTHA,4.28,1.3698,2.01,47.04,1.4,0.44
BEL,25.25,0.0,8.29,32.84,1.98,21.96
BELLACASA,12.05,0.2992,15.13,124.81,1.91,4.83
BELRISE,9.41,0.2277,5.6,57.13,2.1,6.35
BEML,4.82,0.001,16.97,352.16,2.01,3.25
BEPL,16.63,0.0,7.24,43.53,5.88,14.12
BERGEPAINT,17.27,0.0,9.4,54.4,2.18,10.51
BESTAGRO,1.15,0.563,0.25,21.67,1.53,0.71
BETA,16.95,0.6039,40.92,241.47,3.1,10.78
BFINVEST,3.98,0.0,38.9,976.99,,71.18
BFUTILITIE,1.34,0.0,0.59,44.22,3.38,11.84
BGLOBAL,3.78,0.0557,2.03,53.53,3.21,877.48
BGRENERGY,49.23,-1.7413,-177.35,-360.29,1.57,-427.05
BHAGCHEM,2.6,0.3309,1.4,53.85,1.78,3.39
BHAGERIA,7.5,0.1701,10.56,136.01,2.19,5.09
BHAGYANGR,1.24,0.0042,0.69,55.56,0.44,37.52
BHANDARI,4.24,0.5519,0.23,5.51,2.29,2.77
BHARATCOAL,2.22,0.0035,0.28,12.41,0.93,0.94
BHARATFORG,11.4,0.0072,22.58,199.88,1.17,6.48
BHARATGEAR,12.58,0.4433,10.75,85.44,1.23,2.1
BHARATIDIL,-1410.47,0.0,-6.22,4.41,2.55,-1081.71
BHARATRAS,11.43,0.001,87.67,766.95,7.78,11.73
BHARATSE,18.39,0.0048,6.72,36.57,0.88,2.16
BHARATWIRE,8.94,0.0916,10.57,118.22,6.57,12.27
BHARTIARTL,17.26,0.0053,45.96,321.59,0.52,16.03
BHARTIHEXA,24.19,0.0037,34.66,143.3,0.38,18.53
BHEL,5.95,0.3087,4.53,76.15,1.59,4.67
BIGBLOC,-5.8,1.3773,-0.12,10.34,1.03,-2.99
BIKAJI,14.9,0.1229,10.31,-1343.17,2.47,8.5
BIL,2.76,1.0919,10.16,363.38,1.54,0.99
BILVYAPAR,0.02,-0.9381,-0.01,-59.35,0.1,
BIOCON,1.01,0.4048,2.82,225.92,1.22,2.18
BIOFILCHEM,12.92,0.14,1.71,13.25,1.73,9.81
BIRLACABLE,6.02,0.4675,5.63,93.63,2.19,2.19
BIRLACORPN,7.57,0.0051,72.41,956.33,1.26,5.77
BIRLAMONEY,19.48,0.0726,10.35,53.13,,12.48
BIRLANU,-10.77,0.7676,-158.55,1466.82,0.84,-3.21
BKMINDST,-48.14,0.6792,-38.8,12.8,0.12,-1947.27
BLACKBUCK,11.28,0.0182,8.79,78.21,3.33,24.59
BLAL,0.96,0.106,0.0,0.27,1.5,1.09
BLBLIMITED,25.57,0.0021,6.3,24.64,20.1,4.48
BLISSGVS,10.94,0.0024,12.23,116.44,4.02,14.53
BLKASHYAP,0.29,0.5671,0.07,23.37,1.3,0.11
BLS,111.31,0.0,2.49,2.24,0.68,48.84
BLSE,12.16,0.0,6.33,,2.85,6.2
BLUEBLENDS,-27.72,0.1708,-0.66,2.39,0.58,-0.94
BLUECHIP,40.89,-0.0,-0.05,-0.12,0.04,-160.69
BLUECOAST,9.66,-0.8286,-1.39,-12.6,0.11,-102.69
BLUEDART,13.92,0.1126,104.26,748.77,1.1,4.03
BLUEJET,18.22,0.0,14.29,78.4,4.21,26.16
BLUESTARCO,15.36,0.0018,25.65,167.02,1.31,4.25
BLUESTONE,0.73,0.4128,1.1,118.44,1.67,0.54
BLUSPRING,1.93,0.0403,1.13,58.29,1.38,0.73
BMWVENTLTD,8.48,0.5838,4.99,50.95,1.97,1.65
BODALCHEM,4.13,0.6913,3.8,91.91,1.2,2.38
BOHRAIND,-4.03,0.016,-1.4,34.85,11.98,
BOMDYEING,1.19,0.0014,1.3,109.35,2.59,1.84
BONLON,2.63,0.382,1.85,60.84,2.5,0.4
BORANA,22.95,0.2468,24.35,105.68,4.33,16.63
BOROLTD,8.42,0.1538,6.24,74.17,2.21,6.24
BORORENEW,8.44,0.1074,9.48,107.69,4.76,8.19
BOROSCI,7.83,0.0182,3.89,49.64,3.62,7.4
BOSCH-HCIL,-0.57,0.1199,-1.1,184.08,1.08,-0.11
BOSCHLTD,18.68,0.0,940.27,5032.27,1.96,13.84
BPCL,25.8,0.0043,60.49,234.45,0.79,4.94
BPL,-2.28,0.0028,-1.73,76.64,0.72,-10.94
BRIGADE,9.63,0.812,26.36,307.62,1.24,12.72
BRIGHOTEL,8.04,0.1372,2.36,26.96,2.45,18.12
BRITANNIA,55.19,0.29,106.35,192.66,1.06,13.89
BRNL,-11.13,0.8127,-7.08,63.66,1.58,-38.53
BROOKS,20.04,0.0593,8.35,41.64,1.72,28.67
BSE,40.48,0.0,56.66,141.37,2.41,52.22
BSHSL,20.4,0.8264,2.54,12.49,2.02,7.77
BSL,1.98,3.6635,2.31,116.51,1.06,0.36
BSOFT,12.6,0.002,18.54,147.16,4.29,9.76
BTML,9.1,0.4052,0.44,4.81,1.55,6.89
BUILDPRO,23.44,0.1114,52.77,225.1,1.46,1.87
BURNPUR,13.81,-0.9814,-45.99,-333.02,0.0,
BUTTERFLY,12.26,0.0,25.53,208.2,2.1,4.84
BVCL,0.23,0.2344,0.13,56.56,1.16,0.14
BYKE,2.9,0.0669,1.28,44.28,2.52,6.28
CALSOFT,25.75,0.039,1.72,66.76,,54.06
CAMLINFINE,2.35,0.6675,1.46,52.1,1.27,1.37
CAMPUS,16.56,0.0004,4.91,29.65,2.37,8.46
CAMS,35.74,0.0004,19.23,53.26,3.43,31.13
CANBK,,,,,,
CANDC,1.37,-0.8941,-11.32,-825.55,0.12,-143.3
CANFINHOME,18.16,0.064,81.54,449.1,,25.75
CANHLIFE,,,,,1.4,
CANTABIL,20.03,0.0,11.45,57.15,2.42,11.23
CAPACITE,10.1,0.2468,22.82,225.98,1.65,7.36
CAPILLARY,5.12,0.0437,6.94,128.9,2.8,7.13
CAPITALSFB,,,,,,
CAPLIPOINT,17.89,0.0002,84.36,477.74,6.7,29.71
CAPTRUST,-76.15,0.0,-20.02,18.15,,-112.69
CARBORUNIV,4.19,0.0761,10.3,210.41,2.67,3.22
CARERATING,18.42,0.0,57.06,313.88,5.76,36.72
CARRARO,23.12,0.2505,22.96,99.33,1.62,5.79
CARTRADE,5.01,0.0,24.23,481.67,19.93,37.45
CARYSIL,16.11,0.4389,34.52,215.94,1.44,10.71
CASTROLIND,,,2.45,,,15.67
CCAVENUE,5.92,0.0802,0.94,14.25,2.01,3.63
CCCL,28.34,0.0011,1.77,6.24,1.62,26.81
CCHHL,-5.91,0.0698,-1.08,18.24,0.74,-22.52
CCL,16.55,0.0055,29.15,175.59,1.49,8.71
CDSL,22.73,0.0,21.82,95.8,2.92,39.75
CEATLTD,13.8,0.006,172.78,505403.0,0.67,4.45
CEIGALL,14.39,0.6103,17.73,123.21,1.38,7.68
CEINSYS,19.82,0.0692,74.76,321.42,3.19,20.19
CELEBRITY,-163.41,5.341,-2.63,1.49,0.97,-9.14
CELLO,12.27,0.0128,14.7,122.28,8.1,14.27
CEMPRO,24.91,0.3612,34.79,139.67,1.25,5.94
CENTENKA,6.74,0.0001,46.15,684.6,4.23,5.91
CENTEXT,13.23,0.7496,1.37,10.36,1.36,2.29
CENTRALBK,,,,,,
CENTRUM,-21.35,12.1868,-3.13,27.07,0.64,-7.48
CENTUM,-15.94,0.3753,-31.62,220.52,1.37,-5.44
CENTURYPLY,10.2,0.6198,11.82,118.19,1.05,4.97
CERA,13.87,0.0006,158.31,1141.56,4.26,9.96
CEREBRAINT,-78.68,0.4843,-6.4,8.13,0.49,-1203.29
CESC,12.27,1.6164,11.63,99.17,0.92,8.71
CEWATER,3.46,0.2646,9.55,276.17,2.08,3.54
CGCL,13.18,0.0343,10.15,74.87,,20.06
CGPOWER,14.62,0.0,7.72,52.05,1.91,9.65
CHALET,17.45,0.0063,29.5,168.82,0.7,23.29
CHAMBLFERT,18.8,0.1015,48.76,259.33,2.33,9.39
CHEMBOND,4.57,0.0,5.77,126.13,2.76,3.69
CHEMBONDCH,16.77,0.0,12.93,77.12,5.1,10.66
CHEMCON,4.88,0.11,6.44,131.89,4.41,9.83
CHEMFAB,-0.91,0.3275,-2.38,261.18,0.8,-1.1
CHEMPLASTS,-15.95,1.11,-17.7,110.97,0.5,-6.63
CHENNPETRO,27.93,0.0018,208.36,746.04,1.43,3.95
CHEVIOT,7.32,0.0103,88.48,1208.26,5.14,9.44
CHOICEIN,13.04,0.4846,11.3,81.86,2.06,21.26
CHOLAFIN,17.18,0.0693,61.98,357.33,,16.84
CHOLAHLDNG,16.19,0.0,130.01,1804.04,,14.04
CIEINDIA,,,6.57,,,9.55
CIFL,4.47,0.0138,0.99,17.66,,5.85
CIGNITITEC,,,83.06,,,13.61
CINELINE,7.43,0.0,3.36,45.2,0.69,4.87
CINEVISTA,10.77,0.2713,1.06,9.86,1.58,25.44
CIPLA,11.19,0.0075,48.03,427.34,3.44,13.71
CLCIND,-701.86,55.9588,-8.43,1.2,1.0,-2.21
CLEAN,14.5,0.0,21.61,149.02,5.01,24.01
CLEDUCATE,-12.16,1.0999,-5.15,42.34,0.98,-10.14
CLSEL,13.69,0.0987,23.1,168.56,6.94,7.97
CMPDI,26.86,0.0,8.59,31.98,3.35,26.47
CMRGREEN,13.24,0.8099,9.7,78.73,1.45,2.64
CMSINFO,12.47,0.0,18.45,147.74,2.56,12.2
CNL,18.15,0.8372,41.04,257.91,1.68,2.6
COALINDIA,91.33,0.0386,30.61,33.52,6.0,1195.98
COASTCORP,9.4,1.6901,3.98,42.36,1.13,2.75
COCHINSHIP,10.91,0.1723,24.44,2240.55,1.33,14.93
COFFEEDAY,6.66,0.1834,9.61,149.41,3.53,18.83
COFORGE,16.48,0.0159,40.07,251.6,1.4,14.55
COHANCE,3.72,0.0421,4.69,105.43,2.78,6.62
COLPAL,83.66,0.0,48.73,58.24,1.28,21.96
COMPUSOFT,2.02,0.3417,0.36,17.96,2.26,8.43
COMSYN,14.83,0.6768,6.59,44.0,1.27,6.8
CONCOR,9.54,0.0019,16.36,171.38,3.92,13.72
CONCORDBIO,12.86,0.0,24.78,192.62,7.39,24.57
CONFIPET,6.26,0.326,2.8,46.4,2.16,2.05
CONSOFINVT,4.67,0.0,16.73,358.61,,89.16
CONTROLPR,9.66,0.0031,27.26,282.15,3.26,9.05
CORALFINAC,7.14,0.0,3.67,51.4,45.49,96.04
CORDSCABLE,10.23,0.493,15.88,156.04,1.51,2.16
COROMANDEL,14.45,0.066,66.41,445.19,1.51,6.03
CORONA,24.79,0.1913,30.27,122.12,0.96,13.19
COSMOFIRST,9.65,0.9811,60.31,615.86,1.23,4.29
COUNCODOS,2.31,0.0,0.08,3.31,2.3,3.4
CPCAP,7.43,0.0,23.4,314.91,,55.79
CPEDU,30.28,0.0,12.62,41.67,8.07,44.81
CPPLUS,19.61,0.0006,32.05,159.33,1.53,8.72
CRAFTSMAN,11.76,1.0235,160.96,1368.01,1.07,4.76
CRAMC,27.33,0.0,10.22,37.4,3.87,47.96
CREATIVEYE,-35.15,0.4536,-2.58,7.35,2.71,-1228.39
CREDITACC,9.92,0.0304,48.63,489.53,,12.83
CREST,3.59,0.0,16.61,471.58,,30.08
CRISIL,,,31.9,,,22.05
CRIZAC,30.05,0.0,9.54,31.73,24.77,62.59
CROMPTON,-6.72,0.0,-3.76,53.36,1.43,-2.85
CROWN,11.46,0.7336,7.72,66.76,0.72,22.33
CSBBANK,,,,,,
CSLFINANCE,13.85,0.0139,37.8,276.41,,33.63
CTE,0.59,0.9123,0.24,40.94,2.31,0.26
CUB,,,,,,
CUBEXTUB,8.95,0.5212,5.21,58.18,1.46,2.59
CUMMINSIND,29.5,0.0,84.06,284.91,3.32,19.19
CUPID,24.01,0.1131,0.81,3.35,4.67,30.26
CURAA,-23.25,0.9509,-1.52,6.45,0.37,-177.81
CYBERMEDIA,-3.9,-0.9691,0.34,-6.8,0.31,4.16
CYBERTECH,14.33,0.0178,9.77,68.2,4.03,12.83
CYEINTDLM,5.7,0.0,7.1,124.61,2.63,5.98
CYIENT,4.31,0.0,14.01,322.81,4.05,6.54
DABUR,15.83,0.0014,10.69,66.54,1.7,14.16
DALBHARAT,1.79,0.0,7.54,414.47,5.6,39.06
DALMIASUG,7.28,0.18,29.12,399.63,1.58,6.51
DAMCAPITAL,21.9,0.0,10.28,46.95,,30.66
DAMODARIND,3.63,1.133,2.31,63.47,1.41,1.25
DANGEE,-9.67,0.4471,-0.09,0.94,0.43,-4.82
DATAMATICS,9.95,0.0,15.13,152.12,2.51,13.31
DATAPATTNS,15.63,0.0,48.47,309.99,10.45,29.34
DAVANGERE,1.69,0.4953,0.05,3.53,1.96,3.56
DBCORP,13.67,0.0086,18.63,136.26,3.96,14.09
DBEIL,8.87,0.3902,8.51,95.95,2.5,7.15
DBL,20.09,0.0116,86.08,428.55,1.56,15.57
DBOL,2.45,1.0268,3.81,154.64,1.16,0.8
DBREALTY,0.67,0.0018,0.5,74.77,1.45,1.7
DBSTOCKBRO,4.11,0.0,0.89,21.63,,11.26
DCAL,1.46,0.0042,6.22,425.82,1.23,3.32
DCBBANK,,,,,,
DCI,19.68,0.0081,13.48,65.72,1.38,2.88
DCM,17.37,0.0,1.55,24.97,0.96,11.28
DCMFINSERV,2.01,-1.3602,-0.46,-23.03,0.06,
DCMNVL,0.49,0.9818,1.93,178.44,1.32,0.16
DCMSHRIRAM,11.07,0.0023,54.73,493.32,1.49,6.0
DCMSIL,-3.69,0.1597,-1.58,42.91,1.99,-3.05
DCMSRIND,11.41,1.1625,4.78,41.93,1.12,3.59
DCW,4.48,0.2885,1.63,36.42,1.01,2.25
DCXINDIA,-0.51,0.0,-0.69,135.83,2.75,-1.04
DDEVPLSTIK,19.92,0.0516,19.5,97.93,2.7,6.85
DECCANCE,3.81,1.0027,20.4,535.9,0.83,4.5
DEEDEV,8.67,0.7715,11.16,128.56,1.33,6.76
DEEPAKFERT,9.9,0.735,58.4,591.25,1.42,6.42
DEEPAKNTR,9.38,0.2603,40.36,430.3,2.4,6.98
DEEPINDS,9.33,0.0961,28.12,330.05,2.69,22.12
DELHIVERY,1.57,0.0003,2.04,129.4,2.59,1.45
DELPHIFX,2.23,1.2035,0.16,5.27,1.17,1.49
DELTACORP,3.79,0.0,3.19,84.08,2.17,12.39
DELTAMAGNT,-538.21,16.9665,-11.44,2.12,0.48,-20.06
DEN,4.33,0.0,3.48,80.25,8.36,17.0
DENORA,7.0,0.0,17.06,243.65,4.02,7.45
DENTA,13.27,0.0264,45.62,171.91,15.89,24.32
DEVIT,69.16,0.2664,13.42,19.4,1.79,39.89
DEVX,4.76,0.7795,1.11,20.59,1.26,3.91
DEVYANI,-2.2,0.3817,-0.27,12.21,0.31,-0.93
DGCONTENT,2.19,0.8882,0.14,6.35,1.5,0.17
DHAMPURSUG,5.38,0.7379,9.93,185.25,1.36,2.28
DHANBANK,,,,,,
DHANUKA,17.08,0.0005,63.72,373.1,4.09,14.22
DHARAN,-1.33,0.0723,-0.05,3.62,8.29,-347.73
DHARMAJ,12.17,0.2937,16.17,132.86,1.55,4.8
DHARSUGAR,39.84,-1.4902,-19.94,-63.31,0.03,
DHRUV,-39.45,0.0027,-14.79,38.07,2.28,-66.39
DHUNINV,1.33,0.0,29.49,5750.82,,12.91
DIACABS,-24.01,-3.9931,2.8,-11.66,1.79,7.59
DIAMINESQ,-8.12,0.052,-13.06,156.66,5.12,-33.22
DIAMONDYD,1.39,0.02,4.07,292.71,1.94,0.56
DICIND,,,4.62,,,1.76
DIFFNKG,12.43,0.0007,13.5,108.37,3.28,12.4
DIGIDRIVE,1.98,0.0,1.4,70.51,4.68,11.66
DIGISPICE,8.15,0.3466,0.81,11.35,1.18,4.15
DIGITIDE,2.36,0.001,1.42,60.34,1.31,1.1
DIGJAMLMTD,-22.59,13.6138,-0.5,2.21,0.5,-3.0
DISHTV,19.97,-0.0,-4.2,-21.96,0.08,-69.44
DIVGIITTS,7.38,0.0002,15.34,207.79,5.04,13.3
DIVISLAB,15.32,0.0,96.75,632.49,5.43,24.32
DIXON,30.52,0.001,271.59,885.97,1.06,3.36
DJML,11.84,0.4093,3.17,268.01,5.84,7.91
DLF,9.71,0.001,17.83,183.71,1.59,53.88
DLINKINDIA,20.58,0.0,29.31,142.43,2.56,6.65
DMART,,0.0011,13.2,,,4.58
DMCC,11.01,0.3485,10.96,99.51,1.37,4.7
DNAMEDIA,3.51,-1.7271,-0.75,-21.46,42.16,-136.36
DODLA,15.95,0.0178,44.26,277.5,2.44,6.47
DOLATALGO,11.43,0.0025,7.32,64.27,1.68,32.05
DOLLAR,11.23,0.2902,18.94,168.24,2.31,5.69
DOLPHIN,19.75,0.9726,9.38,47.51,7.51,319.93
DOMS,18.76,0.0429,36.17,192.82,2.04,10.71
DONEAR,15.69,1.5361,8.35,53.25,1.33,4.76
DPABHUSHAN,33.49,0.4543,92.97,277.12,2.14,5.21
DPSCLTD,1.44,0.1423,0.08,9.15,0.84,1.88
DPWIRES,6.61,0.0082,11.34,171.62,6.73,3.66
DRCSYSTEMS,17.17,0.0,1.4,7.81,0.49,20.23
DREAMFOLKS,4.44,0.0002,2.68,60.48,7.51,2.17
DREDGECORP,0.39,0.8839,5.28,439.41,0.96,0.39
DRREDDY,10.27,0.1728,38.68,375.64,1.66,15.68
DSFCL,-1.67,0.0371,-0.41,24.26,2.76,-0.91
DSKULKARNI,0.28,-4.2168,-0.36,-128.79,2.05,
DSSL,26.9,0.2576,66.64,247.54,1.35,5.95
DTIL,1.08,0.1557,5.62,518.97,0.46,1.81
DUCON,6.62,0.032,0.34,5.11,2.17,2.62
DVL,0.3,0.017,1.57,530.75,8.82,2.08
DWARKESH,3.72,0.4027,1.66,44.72,2.33,2.2
DYCL,18.47,0.0883,17.42,94.36,2.52,7.05
DYNAMATECH,4.08,0.8,47.73,1168.66,1.38,2.0
DYNPRO,8.13,0.2964,16.04,197.49,1.14,5.27
E2E,-0.92,0.0944,-7.75,819.72,1.2,-6.34
EASEMYTRIP,-5.84,0.0385,-0.11,2.24,2.15,-8.89
EASTSILK,-37.97,2.1318,-27.2,71.65,2.5,-57.38
EBGNG,17.39,0.5343,11.58,66.6,2.51,6.98
ECLERX,27.55,0.0,76.23,278.63,3.4,17.16
ECOSMOBLTY,21.72,0.0004,9.6,44.18,2.54,7.12
EDELWEISS,7.38,0.0,4.75,64.1,,81.74
EFCIL,28.84,0.378,16.87,59.27,1.16,22.64
EICHERMOT,21.97,0.0127,201.09,915.06,1.9,23.56
EIDPARRY,9.25,0.1913,32.03,838.65,1.42,3.58
EIEL,15.22,0.3413,10.42,70.5,2.56,16.44
EIFFL,6.45,0.6233,2.0,31.07,1.88,3.27
EIHAHOTELS,14.47,0.0,14.31,98.86,3.49,22.72
EIHOTEL,12.15,0.0,10.05,86.5,2.69,22.36
EIMCOELECO,,,26.66,,,19.84
EKC,10.48,0.1421,13.09,124.76,3.7,9.97
ELDEHSG,6.08,0.3847,24.7,406.41,1.94,14.72
ELECON,,,3.14,,,13.51
ELECTCAST,2.31,0.2115,2.12,91.94,2.15,2.61
ELECTHERM,10.18,-6.8902,-12.29,-120.78,0.53,-0.42
ELGIEQUIP,19.28,0.1814,13.65,70.43,2.08,10.89
ELGIRUBCO,-317.38,4.1287,-48.0,15.12,0.86,-65.55
ELIN,4.06,0.0287,4.64,114.14,2.44,1.75
ELLEN,10.68,0.1843,7.54,69.33,1.6,30.56
EMAMILTD,26.53,0.0419,17.76,66.95,2.31,20.51
EMAMIPAP,10.67,1.4204,9.34,95.09,1.11,3.22
EMAMIREAL,76.39,-8.0691,-43.47,-56.59,1.16,-203.39
EMBDL,-8.76,0.5236,-6.43,71.68,2.38,-50.38
EMCURE,19.75,0.3682,38.67,195.72,1.34,13.98
EMIL,6.59,0.548,2.78,42.26,1.82,1.49
EMKAY,3.99,0.0024,5.92,145.35,,4.03
EMMBI,3.96,0.8865,4.1,103.46,1.38,1.73
EMMVEE,29.27,0.048,17.17,53.37,2.06,21.42
EMSLIMITED,8.52,0.0741,15.93,187.05,6.15,14.55
EMUDHRA,5.59,0.0,3.91,69.94,2.9,12.06
ENDURANCE,13.91,0.1939,67.66,486.34,1.55,6.52
ENERGYDEV,8.96,-50.7891,-0.05,-0.57,0.36,-0.52
ENGINERSIN,21.99,0.0,12.3,55.97,1.3,17.61
ENIL,-0.97,0.0,-1.55,159.19,1.86,-1.31
ENRIN,14.29,0.0,19.31,135.16,2.06,15.97
ENTERO,8.32,0.3233,26.44,402.78,1.58,2.21
EPACK,0.34,0.7362,0.34,99.8,1.02,0.17
EPACKPEB,12.61,0.1471,9.95,0.0,1.6,6.07
EPIGRAL,14.94,0.2534,76.95,514.94,1.16,13.14
EPL,13.74,0.0025,12.15,89.44,1.56,8.27
EQUIPPP,11.98,0.7406,0.18,1.46,3.47,4.03
EQUITASBNK,,,,,,
ERIS,16.62,0.0061,45.33,281.28,0.74,20.69
EROSMEDIA,-18.44,0.1537,-14.32,77.64,0.55,-467.14
ESABINDIA,48.14,0.0,134.3,279.0,2.14,13.7
ESAFSFB,,,,,,
ESCORTS,19.36,0.0029,217.61,1105.55,3.25,20.75
ESSARSHPNG,5.41,-0.7792,-6.12,-100.16,0.05,-6296.07
ESSENTIA,0.19,0.2566,0.0,1.59,2.99,0.07
ESTER,-3.51,0.9314,-2.82,80.21,1.44,-2.0
ETERNAL,7.16,0.0,2.91,40.32,5.13,24.36
ETHOSLTD,5.78,0.0001,36.21,622.02,5.62,5.96
EUREKAFORB,3.54,0.0,8.36,237.76,1.07,6.0
EUROBOND,16.59,0.9655,10.84,65.34,1.41,5.28
EUROPRATIK,24.06,0.0361,7.54,31.37,4.76,23.04
EUROTEXIND,2.95,-1.3254,-0.91,-30.81,0.13,-733.98
EVEREADY,27.67,0.2899,23.56,85.14,1.31,11.77
EVERESTIND,-20.56,0.2602,-64.2,311.88,1.18,-7.18
EXCELINDUS,4.44,0.0001,60.19,1354.75,2.49,6.91
EXCELSOFT,7.5,0.0,4.12,50.25,7.59,15.92
EXICOM,-42.09,0.6787,-20.36,46.83,1.21,-23.8
EXIDEIND,6.17,0.0785,10.05,163.9,1.23,4.78
EXPLEOSOL,15.97,0.0,79.89,500.2,5.55,11.19
EXXARO,1.01,0.3229,0.06,6.25,1.7,0.93
FABTECH,9.14,0.1018,10.0,94.43,2.5,9.34
FACT,-2.93,0.0342,0.61,20.87,0.93,-0.69
FAIRCHEMOR,2.11,0.0032,4.28,208.83,1.66,1.21
FAZE3Q,7.42,0.5969,13.8,185.98,1.26,3.64
FCL,13.3,0.0087,1.09,8.07,2.77,16.19
FCONSUMER,,,-0.16,,,-9.45
FCSSOFT,0.61,0.0,0.01,2.51,3.09,4.5
FDC,11.32,0.0,17.29,152.64,3.11,12.96
FEDDERELEC,,,142.42,,,32.22
FEDERALBNK,,,,,,
FEDFINA,11.74,0.0461,9.2,78.19,,15.45
FIBERWEB,5.37,0.0645,3.48,,8.67,11.84
FIEMIND,21.04,0.0,97.11,461.64,2.61,9.08
FILATEX,12.18,0.085,4.13,33.88,1.43,4.4
FILATFASH,0.12,0.0229,0.0,2.78,1.77,2.45
FINCABLES,11.73,0.0031,46.67,397.9,8.42,11.29
FINEORG,15.65,0.0169,136.03,869.06,8.49,17.63
FINKURVE,7.55,0.0,1.89,24.63,,12.56
FINOPB,,,,,,
FINPIPE,9.64,0.0704,9.69,100.5,3.54,14.56
FIRSTCRY,1.72,0.0,2.09,121.59,5.65,3.99
FISCHER,8.05,0.1879,0.48,5.88,1.62,10.05
NOTLISTED,-7.12,0.2344,-0.23,3.19,1.28,-0.84
